---
title: Mysql 多表联查
author: Fangzheng
date: 2023-09-08 19:37:00 +0800
categories: [database]
tags: [ database mysql]
pin: false
mermaid: true  #code模块
# comments: true
math: true
---
# mysql aggregate function
## count()
* count(expr)
* 返回 select 语句检索到的行中非NULL值的数目。若找不到匹配的行,则 COUNT(expr) 返回0
```bash
mysql> select * from users;
+----+------+----------+
| id | name | password |
+----+------+----------+
|  1 | yhq  | a1       |
|  2 | qhh  | NULL     |
+----+------+----------+
2 rows in set

mysql> select count(name) from users;
+-------------+
| count(name) |
+-------------+
|           2 |
+-------------+
1 row in set

mysql> select count(password
) from users;
+-----------------+
| count(password) |
+-----------------+
|               1 |
+-----------------+
1 row in set
```
* count(*)
* 返回检索行的数目， 不论其是否包含 NULL 值。
```bash
mysql> select * from users;
+----+------+----------+
| id | name | password |
+----+------+----------+
|  1 | yhq  | a1       |
|  2 | qhh  | NULL     |
+----+------+----------+
2 rows in set

mysql> select count(*
) from users;
+----------+
| count(*) |
+----------+
|        2 |
+----------+
1 row in set
```
* COUNT(DISTINCT expr,[expr…])
* 返回不同的非NULL值数目。若找不到匹配的项，则 COUNT(DISTINCT)返回0。
```bash
mysql> select * from users;
+----+------+----------+
| id | name | password |
+----+------+----------+
|  1 | yhq  | a1       |
|  9 | test | a2       |
|  8 | yqy  | NULL     |
|  2 | qhh  | a1       |
+----+------+----------+
4 rows in set

mysql> select count(distinct(password)) from users;
+---------------------------+
| count(distinct(password)) |
+---------------------------+
|                         2 |
+---------------------------+
1 row in set
```
## group by
```bash
id name number
1,aa,2
2,aa,3
3,bb,4
4,bb,5
5,cc,6
6,dd,7
7,ee,7
8,bb,5
9,cc,6
```
```bash
SELECT name FROM test
GROUP BY name;
```
* result
```bash
aa
bb
cc
dd
ee
```
* 由表1到表2的过程中，增加一个虚构的中间表：虚拟表3。下面说说如何来思考上面SQL语句执行情况：
* 1.FROM test：该句执行后，应该结果和表1一样，就是原来的表。
* 2.FROM test Group BY name：该句执行后，我们想象生成了虚拟表3，如下所图所示，生成过程是这样的：group by name，那么找name那一列，具有相同name值的行，合并成一行，如对于name值为aa的，那么<1 aa 2>与<2 aa 3>两行合并成1行，所有的id值和number值写到一个单元格里面。